INSERT INTO univerzitet (ID,naziv) VALUES (1, 'Beogradski univerzitet');
INSERT INTO univerzitet (ID,naziv)  VALUES (2, 'Univerzitet u Nišu');
INSERT INTO univerzitet (ID,naziv) VALUES (3, 'Univerzitet u Kragujevcu');

INSERT INTO fakultet (ID, univerzitet_id,naziv,adresa) VALUES (1, 1, 'Fakultet organizacionih nauka', 'Jove Ilica 147');
INSERT INTO fakultet (ID, univerzitet_id,naziv,adresa) VALUES (2, 1, 'Matematicki fakultet','Studentski trg 4');
INSERT INTO fakultet (ID, univerzitet_id,naziv,adresa) VALUES (3, 1, 'Fakultet Politickih nauka','Jove Ilica 148');

INSERT INTO nivo_studija (ID,naziv) VALUES (1, 'Osnovne akademske studije');
INSERT INTO nivo_studija (ID,naziv) VALUES (2, 'Master akademske studije');
INSERT INTO nivo_studija (ID,naziv) VALUES (3, 'Doktorske akademske studije');

INSERT INTO studijski_program (ID,nivo_studija_id, fakultet_id, naziv, has_modul, `status` ) VALUES (1, 1, 1, 'ISIT',FALSE,'Published');
INSERT INTO studijski_program (ID,nivo_studija_id, fakultet_id, naziv, has_modul, `status`) VALUES (2, 1, 1, 'Menadzment',TRUE,'Not published');

INSERT INTO modul (ID,studijski_program_id,Semestar,Naziv) VALUES (1, 1, 1, 'ISIT');
INSERT INTO modul (ID,studijski_program_id,Semestar,Naziv) VALUES (2, 2, 5, 'Kvalitet');
INSERT INTO modul (ID,studijski_program_id,Semestar,Naziv) VALUES (3, 2, 5, 'Operacioni Menadzment');

INSERT INTO oblik_nastave (ID,Naziv) VALUES (1, 'Predavanja');
INSERT INTO oblik_nastave (ID,Naziv) VALUES (2, 'Auditorne vezbe');
INSERT INTO oblik_nastave (ID,Naziv) VALUES (3, 'Prakticne vezbe');
INSERT INTO oblik_nastave (ID,Naziv) VALUES (4, 'Seminarski rad');
INSERT INTO oblik_nastave (ID,Naziv) VALUES (5, 'Istrazivacki rad');
INSERT INTO oblik_nastave (ID,Naziv) VALUES (6, 'Konsultacije');

INSERT INTO zvanje (ID,Naziv) VALUES (1, 'Redovni profesor');
INSERT INTO zvanje (ID,Naziv) VALUES (2, 'Vandredni profesor');
INSERT INTO zvanje (ID,Naziv) VALUES (3, 'Asistent');
INSERT INTO zvanje (ID,Naziv) VALUES (4, 'Demonstrator');

INSERT INTO korisnicki_nalog (ID,rola_id,nastavno_osoblje_id,username,password) VALUES (1, 1, 1, 'admin','admin');
INSERT INTO korisnicki_nalog (ID,rola_id,nastavno_osoblje_id,username,password) VALUES (2, 2, 2, 'user','user');
INSERT INTO korisnicki_nalog (ID,rola_id,nastavno_osoblje_id,username,password) VALUES (3, 2, 3, 'user1','user1');

INSERT INTO rola (ID,Naziv) VALUES (1, 'Administrator');
INSERT INTO rola (ID,Naziv) VALUES (2, 'Korisnik');

INSERT INTO nastavno_osoblje (ID,zvanje_id,ime,prezime,jmbg) VALUES (1, 1, 'Pera','Peric','1601999721815');
INSERT INTO nastavno_osoblje (ID,zvanje_id,ime,prezime,jmbg) VALUES (2, 2, 'Zika','Zikic','1601999721816');
INSERT INTO nastavno_osoblje (ID,zvanje_id,ime,prezime,jmbg) VALUES (3, 3, 'Milos','Milic','1601999721817');

INSERT INTO angazovanje(oblik_nastave_id, predmet_id, nastavno_osoblje_id) VALUES (1,1,1);
INSERT INTO angazovanje (oblik_nastave_id, predmet_id, nastavno_osoblje_id) VALUES (2,1,2);
INSERT INTO angazovanje (oblik_nastave_id, predmet_id, nastavno_osoblje_id) VALUES (3,1,3);
INSERT INTO angazovanje (oblik_nastave_id, predmet_id, nastavno_osoblje_id) VALUES (1,2,1);
INSERT INTO angazovanje (oblik_nastave_id, predmet_id, nastavno_osoblje_id) VALUES (2,2,2);
INSERT INTO angazovanje (oblik_nastave_id, predmet_id, nastavno_osoblje_id) VALUES (3,2,3);


INSERT INTO predmet_oblik_nastave (predmet_id, oblik_nastave_id) VALUES (1,1);
INSERT INTO predmet_oblik_nastave (predmet_id, oblik_nastave_id) VALUES (1,2);
INSERT INTO predmet_oblik_nastave (predmet_id, oblik_nastave_id) VALUES (1,3);
INSERT INTO predmet_oblik_nastave (predmet_id, oblik_nastave_id) VALUES (2,1);
INSERT INTO predmet_oblik_nastave (predmet_id, oblik_nastave_id) VALUES (2,2);
INSERT INTO predmet_oblik_nastave (predmet_id, oblik_nastave_id) VALUES (2,3);


INSERT INTO predmet (ID, naziv, ESPB, Opis,aktivan) VALUES (1,'Osnove informaciono komunikacionih tehnologija', 6, '',true);
INSERT INTO predmet (ID, naziv, ESPB, Opis,aktivan) VALUES (2,'Elektronsko poslovanje', 5, '',true);
INSERT INTO predmet (ID, naziv, ESPB, Opis,aktivan) VALUES (3,'Menadžment', 6, '',true);
INSERT INTO predmet (ID, naziv, ESPB, Opis,aktivan) VALUES (4,'Osnovi organizacije', 6, '',true);
INSERT INTO predmet (ID, naziv, ESPB, Opis,aktivan) VALUES (5,'Matematika 1', 6, '',true);
INSERT INTO predmet (ID, naziv, ESPB, Opis,aktivan) VALUES (6,'Ekonomija', 6, '',true);
INSERT INTO predmet (ID, naziv, ESPB, Opis,aktivan) VALUES (7,'Engleski jezik u informatici', 4, '',true);
INSERT INTO predmet (ID, naziv, ESPB, Opis,aktivan) VALUES (8,'Francuski jezik u informatici', 4, '',true);
INSERT INTO predmet (ID, naziv, ESPB, Opis,aktivan) VALUES (9,'Uvod u informacione sisteme', 6, '',true);
INSERT INTO predmet (ID, naziv, ESPB, Opis,aktivan) VALUES (10,'Matematika 2', 6, '',true);
INSERT INTO predmet (ID, naziv, ESPB, Opis,aktivan) VALUES (12,'Psihologija', 5, '',true);
INSERT INTO predmet (ID, naziv, ESPB, Opis,aktivan) VALUES (13,'Sociologija', 5, '',true);
INSERT INTO predmet (ID, naziv, ESPB, Opis,aktivan) VALUES (14,'Principi programiranja', 5, '',true);
INSERT INTO predmet (ID, naziv, ESPB, Opis,aktivan) VALUES (15,'Osnove operacionog menadžmenta', 5, '',true);
INSERT INTO predmet (ID, naziv, ESPB, Opis,aktivan) VALUES (16,'Menadžment tehnologije i razvoja', 5, '',true);
INSERT INTO predmet (ID, naziv, ESPB, Opis,aktivan) VALUES (17,'Inženjering procesa', 5, '',true);

INSERT INTO predmet (ID, naziv, ESPB, Opis,aktivan) VALUES (18,'Teorija verovatnoće', 6, '',true);
INSERT INTO predmet (ID, naziv, ESPB, Opis,aktivan) VALUES (19,'Marketing', 5, '',true);
INSERT INTO predmet (ID, naziv, ESPB, Opis,aktivan) VALUES (20,'Upravljanje projektima', 5, '',true);
INSERT INTO predmet (ID, naziv, ESPB, Opis,aktivan) VALUES (21,'Matematika 3', 5, '',true);
INSERT INTO predmet (ID, naziv, ESPB, Opis,aktivan) VALUES (22,'Diskretne matematičke strukture', 5, '',true);
INSERT INTO predmet (ID, naziv, ESPB, Opis,aktivan) VALUES (23,'Programiranje 1', 5, '',true);
INSERT INTO predmet (ID, naziv, ESPB, Opis,aktivan) VALUES (24,'Arhitektura računara i operativni sistemi', 5, '',true);
INSERT INTO predmet (ID, naziv, ESPB, Opis,aktivan) VALUES (25,'Interakcija čovek-računar', 5, '',true);
INSERT INTO predmet (ID, naziv, ESPB, Opis,aktivan) VALUES (26,'Strukture podataka i algoritmi', 5, '',true);
INSERT INTO predmet (ID, naziv, ESPB, Opis,aktivan) VALUES (27,'Cloud infrastruktura i servisi', 5, '',true);
INSERT INTO predmet (ID, naziv, ESPB, Opis,aktivan) VALUES (28,'Baze podataka', 5, '',true);
INSERT INTO predmet (ID, naziv, ESPB, Opis,aktivan) VALUES (29,'Finansijski menadžment i računovodstvo', 5, '',true);
INSERT INTO predmet (ID, naziv, ESPB, Opis,aktivan) VALUES (30,'Računovodstvo', 5, '',true);
INSERT INTO predmet (ID, naziv, ESPB, Opis,aktivan) VALUES (31,'Osnove finansijskog menadžmenta', 5, '',true);
INSERT INTO predmet (ID, naziv, ESPB, Opis,aktivan) VALUES (32,'Statistika', 5, '',true);

INSERT INTO predmet (ID, naziv, ESPB, Opis,aktivan) VALUES (33,'Računarske mreže i telekomunikacije', 5, '',true);
INSERT INTO predmet (ID, naziv, ESPB, Opis,aktivan) VALUES (34,'Projektovanje informacionih sistema', 5, '',true);
INSERT INTO predmet (ID, naziv, ESPB, Opis,aktivan) VALUES (35,'Projektovanje softvera', 5, '',true);
INSERT INTO predmet (ID, naziv, ESPB, Opis,aktivan) VALUES (36,'Teorija sistema', 5, '',true);
INSERT INTO predmet (ID, naziv, ESPB, Opis,aktivan) VALUES (37,'Operaciona istraživanja 1', 5, '',true);
INSERT INTO predmet (ID, naziv, ESPB, Opis,aktivan) VALUES (38,'Zaštita računarskih sistema', 5, '',true);
INSERT INTO predmet (ID, naziv, ESPB, Opis,aktivan) VALUES (39,'Operaciona istraživanja 2', 5, '',true);
INSERT INTO predmet (ID, naziv, ESPB, Opis,aktivan) VALUES (40,'Programski jezici', 5, '',true);
INSERT INTO predmet (ID, naziv, ESPB, Opis,aktivan) VALUES (41,'Veštačka inteligencija', 5, '',true);
INSERT INTO predmet (ID, naziv, ESPB, Opis,aktivan) VALUES (42,'Linearni statistički modeli', 5, '',true);
INSERT INTO predmet (ID, naziv, ESPB, Opis,aktivan) VALUES (43,'Numerička analiza', 5, '',true);

INSERT INTO predmet (ID, naziv, ESPB, Opis,aktivan) VALUES (44,'Modelovanje poslovnih procesa', 5, '',true);
INSERT INTO predmet (ID, naziv, ESPB, Opis,aktivan) VALUES (45,'Internet tehnologije', 5, '',true);
INSERT INTO predmet (ID, naziv, ESPB, Opis,aktivan) VALUES (46,'Osnove kvaliteta', 5, '',true);
INSERT INTO predmet (ID, naziv, ESPB, Opis,aktivan) VALUES (47,'Menadžment ljudskih resursa', 5, '',true);
INSERT INTO predmet (ID, naziv, ESPB, Opis,aktivan) VALUES (48,'Multimedijalna produkcija', 5, '',true);
INSERT INTO predmet (ID, naziv, ESPB, Opis,aktivan) VALUES (49,'Mašinsko učenje', 5, '',true);
INSERT INTO predmet (ID, naziv, ESPB, Opis,aktivan) VALUES (50,'Distribuirani računarski sistemi', 5, '',true);
INSERT INTO predmet (ID, naziv, ESPB, Opis,aktivan) VALUES (51,'Pravo i etika obrade podataka', 5, '',true);
INSERT INTO predmet (ID, naziv, ESPB, Opis,aktivan) VALUES (52,'Baze podataka 2', 5, '',true);
INSERT INTO predmet (ID, naziv, ESPB, Opis,aktivan) VALUES (53,'Multimediji', 5, '',true);
INSERT INTO predmet (ID, naziv, ESPB, Opis,aktivan) VALUES (54,'Softverski paterni', 5, '',true);
INSERT INTO predmet (ID, naziv, ESPB, Opis,aktivan) VALUES (55,'Internet marketing i društveni mediji', 5, '',true);
INSERT INTO predmet (ID, naziv, ESPB, Opis,aktivan) VALUES (56,'Biostatistika', 5, '',true);
INSERT INTO predmet (ID, naziv, ESPB, Opis,aktivan) VALUES (57,'Dinamika organizacionih sistema', 5, '',true);
INSERT INTO predmet (ID, naziv, ESPB, Opis,aktivan) VALUES (58,'Teorija odlučivanja', 5, '',true);
INSERT INTO predmet (ID, naziv, ESPB, Opis,aktivan) VALUES (59,'Poslovna inteligencija', 5, '',true);
INSERT INTO predmet (ID, naziv, ESPB, Opis,aktivan) VALUES (60,'Mikroservisna arhitektura informacionih sistema', 5, '',true);
INSERT INTO predmet (ID, naziv, ESPB, Opis,aktivan) VALUES (61,'Mobilno računarstvo', 5, '',true);
INSERT INTO predmet (ID, naziv, ESPB, Opis,aktivan) VALUES (62,'Inteligentni sistemi', 5, '',true);
INSERT INTO predmet (ID, naziv, ESPB, Opis,aktivan) VALUES (63,'Internet inteligentnih uređaja', 5, '',true);
INSERT INTO predmet (ID, naziv, ESPB, Opis,aktivan) VALUES (64,'Teorija igara', 5, '',true);
INSERT INTO predmet (ID, naziv, ESPB, Opis,aktivan) VALUES (65,'Osnove naučnog istraživanja', 5, '',true);
INSERT INTO predmet (ID, naziv, ESPB, Opis,aktivan) VALUES (66,'Ekonomika poslovanja i planiranje', 5, '',true);
INSERT INTO predmet (ID, naziv, ESPB, Opis,aktivan) VALUES (67,'Metodologija izrade IT projekta', 5, '',true);
INSERT INTO predmet (ID, naziv, ESPB, Opis,aktivan) VALUES (68,'Neuronske mreže', 5, '',true);
INSERT INTO predmet (ID, naziv, ESPB, Opis,aktivan) VALUES (69,'Digitalna transformacija i informaciono društvo', 5, '',true);
INSERT INTO predmet (ID, naziv, ESPB, Opis,aktivan) VALUES (70,'Digitalna ekonomija', 5, '',true);
INSERT INTO predmet (ID, naziv, ESPB, Opis,aktivan) VALUES (71,'Kvalitet u IT', 5, '',true);
INSERT INTO predmet (ID, naziv, ESPB, Opis,aktivan) VALUES (72,'Stručna praksa', 5, '',true);
INSERT INTO predmet (ID, naziv, ESPB, Opis,aktivan) VALUES (73,'Predmet Završni rad', 5, '',true);
INSERT INTO predmet (ID, naziv, ESPB, Opis,aktivan) VALUES (74,'Završni rad', 5, '',true);



INSERT INTO predmet_modul (predmet_id, modul_id, semestar, grupa, izborni, pozicija, godina) VALUES (1,1,1,'', false, 1, 1);
INSERT INTO predmet_modul (predmet_id, modul_id, semestar, grupa, izborni, pozicija, godina) VALUES (2,1,1,'', false, 2, 1);
INSERT INTO predmet_modul (predmet_id, modul_id, semestar, grupa, izborni, pozicija, godina) VALUES (3,1,1,'', true, 3, 1);
INSERT INTO predmet_modul (predmet_id, modul_id, semestar, grupa, izborni, pozicija, godina) VALUES (4,1,1,'', true, 3, 1);
INSERT INTO predmet_modul (predmet_id, modul_id, semestar, grupa, izborni, pozicija, godina) VALUES (5,1,1,'', false, 4, 1);
INSERT INTO predmet_modul (predmet_id, modul_id, semestar, grupa, izborni, pozicija, godina) VALUES (6,1,1,'', false, 5, 1);
INSERT INTO predmet_modul (predmet_id, modul_id, semestar, grupa, izborni, pozicija, godina) VALUES (7,1,2,'', true, 6, 1);
INSERT INTO predmet_modul (predmet_id, modul_id, semestar, grupa, izborni, pozicija, godina) VALUES (8,1,2,'', true, 6, 1);
INSERT INTO predmet_modul (predmet_id, modul_id, semestar, grupa, izborni, pozicija, godina) VALUES (9,1,2,'', false, 7, 1);
INSERT INTO predmet_modul (predmet_id, modul_id, semestar, grupa, izborni, pozicija, godina) VALUES (10,1,2,'', false, 8, 1);
INSERT INTO predmet_modul (predmet_id, modul_id, semestar, grupa, izborni, pozicija, godina) VALUES (12,1,2,'', true, 9, 1);
INSERT INTO predmet_modul (predmet_id, modul_id, semestar, grupa, izborni, pozicija, godina) VALUES (13,1,2,'', true, 9, 1);
INSERT INTO predmet_modul (predmet_id, modul_id, semestar, grupa, izborni, pozicija, godina) VALUES (14,1,2,'', false, 10, 1);
INSERT INTO predmet_modul (predmet_id, modul_id, semestar, grupa, izborni, pozicija, godina) VALUES (15,1,2,'', true, 11, 1);
INSERT INTO predmet_modul (predmet_id, modul_id, semestar, grupa, izborni, pozicija, godina) VALUES (16,1,2,'', true, 11, 1);
INSERT INTO predmet_modul (predmet_id, modul_id, semestar, grupa, izborni, pozicija, godina) VALUES (17,1,2,'', true, 11, 1);
INSERT INTO predmet_modul (predmet_id, modul_id, semestar, grupa, izborni, pozicija, godina) VALUES (18,1,3,'', false, 1, 2);
INSERT INTO predmet_modul (predmet_id, modul_id, semestar, grupa, izborni, pozicija, godina) VALUES (19,1,3,'', true, 2, 2);
INSERT INTO predmet_modul (predmet_id, modul_id, semestar, grupa, izborni, pozicija, godina) VALUES (20,1,3,'', true, 2, 2);
INSERT INTO predmet_modul (predmet_id, modul_id, semestar, grupa, izborni, pozicija, godina) VALUES (21,1,3,'', true, 3, 2);
INSERT INTO predmet_modul (predmet_id, modul_id, semestar, grupa, izborni, pozicija, godina) VALUES (22,1,3,'', true, 3, 2);
INSERT INTO predmet_modul (predmet_id, modul_id, semestar, grupa, izborni, pozicija, godina) VALUES (23,1,3,'', false, 4, 2);
INSERT INTO predmet_modul (predmet_id, modul_id, semestar, grupa, izborni, pozicija, godina) VALUES (24,1,3,'', false, 5, 2);
INSERT INTO predmet_modul (predmet_id, modul_id, semestar, grupa, izborni, pozicija, godina) VALUES (25,1,4,'', false, 6, 2);
INSERT INTO predmet_modul (predmet_id, modul_id, semestar, grupa, izborni, pozicija, godina) VALUES (26,1,4,'', false, 7, 2);
INSERT INTO predmet_modul (predmet_id, modul_id, semestar, grupa, izborni, pozicija, godina) VALUES (27,1,4,'', false, 8, 2);
INSERT INTO predmet_modul (predmet_id, modul_id, semestar, grupa, izborni, pozicija, godina) VALUES (28,1,4,'', false, 9, 2);
INSERT INTO predmet_modul (predmet_id, modul_id, semestar, grupa, izborni, pozicija, godina) VALUES (29,1,4,'', true, 10, 2);
INSERT INTO predmet_modul (predmet_id, modul_id, semestar, grupa, izborni, pozicija, godina) VALUES (30,1,4,'', true, 10, 2);
INSERT INTO predmet_modul (predmet_id, modul_id, semestar, grupa, izborni, pozicija, godina) VALUES (31,1,4,'', true, 10, 2);
INSERT INTO predmet_modul (predmet_id, modul_id, semestar, grupa, izborni, pozicija, godina) VALUES (32,1,4,'', false, 11, 2);
INSERT INTO predmet_modul (predmet_id, modul_id, semestar, grupa, izborni, pozicija, godina) VALUES (33,1,5,'', false, 1, 3);
INSERT INTO predmet_modul (predmet_id, modul_id, semestar, grupa, izborni, pozicija, godina) VALUES (34,1,5,'', false, 2, 3);
INSERT INTO predmet_modul (predmet_id, modul_id, semestar, grupa, izborni, pozicija, godina) VALUES (35,1,5,'', false, 3, 3);
INSERT INTO predmet_modul (predmet_id, modul_id, semestar, grupa, izborni, pozicija, godina) VALUES (36,1,5,'', false, 4, 3);
INSERT INTO predmet_modul (predmet_id, modul_id, semestar, grupa, izborni, pozicija, godina) VALUES (37,1,5,'', false, 5, 3);
INSERT INTO predmet_modul (predmet_id, modul_id, semestar, grupa, izborni, pozicija, godina) VALUES (38,1,6,'', false, 6, 3);
INSERT INTO predmet_modul (predmet_id, modul_id, semestar, grupa, izborni, pozicija, godina) VALUES (39,1,6,'', false, 7, 3);
INSERT INTO predmet_modul (predmet_id, modul_id, semestar, grupa, izborni, pozicija, godina) VALUES (40,1,6,'', false, 8, 3);
INSERT INTO predmet_modul (predmet_id, modul_id, semestar, grupa, izborni, pozicija, godina) VALUES (41,1,6,'', false, 9, 3);
INSERT INTO predmet_modul (predmet_id, modul_id, semestar, grupa, izborni, pozicija, godina) VALUES (42,1,6,'', true, 10, 3);
INSERT INTO predmet_modul (predmet_id, modul_id, semestar, grupa, izborni, pozicija, godina) VALUES (43,1,6,'', true, 10, 3);
INSERT INTO predmet_modul (predmet_id, modul_id, semestar, grupa, izborni, pozicija, godina) VALUES (44,1,5,'', false, 1, 4);
INSERT INTO predmet_modul (predmet_id, modul_id, semestar, grupa, izborni, pozicija, godina) VALUES (45,1,5,'', false, 2, 4);
INSERT INTO predmet_modul (predmet_id, modul_id, semestar, grupa, izborni, pozicija, godina) VALUES (46,1,5,'', true, 3, 4);
INSERT INTO predmet_modul (predmet_id, modul_id, semestar, grupa, izborni, pozicija, godina) VALUES (47,1,5,'', true, 3, 4);
INSERT INTO predmet_modul (predmet_id, modul_id, semestar, grupa, izborni, pozicija, godina) VALUES (48,1,5,'', true, 4, 4);
INSERT INTO predmet_modul (predmet_id, modul_id, semestar, grupa, izborni, pozicija, godina) VALUES (49,1,5,'', true, 4, 4);
INSERT INTO predmet_modul (predmet_id, modul_id, semestar, grupa, izborni, pozicija, godina) VALUES (50,1,5,'', true, 4, 4);
INSERT INTO predmet_modul (predmet_id, modul_id, semestar, grupa, izborni, pozicija, godina) VALUES (51,1,5,'', true, 4, 4);
INSERT INTO predmet_modul (predmet_id, modul_id, semestar, grupa, izborni, pozicija, godina) VALUES (52,1,5,'', true, 5, 4);
INSERT INTO predmet_modul (predmet_id, modul_id, semestar, grupa, izborni, pozicija, godina) VALUES (53,1,5,'', true, 5, 4);
INSERT INTO predmet_modul (predmet_id, modul_id, semestar, grupa, izborni, pozicija, godina) VALUES (54,1,5,'', true, 5, 4);
INSERT INTO predmet_modul (predmet_id, modul_id, semestar, grupa, izborni, pozicija, godina) VALUES (55,1,5,'', true, 5, 4);
INSERT INTO predmet_modul (predmet_id, modul_id, semestar, grupa, izborni, pozicija, godina) VALUES (56,1,5,'', true, 5, 4);
INSERT INTO predmet_modul (predmet_id, modul_id, semestar, grupa, izborni, pozicija, godina) VALUES (57,1,5,'', true, 5, 4);
INSERT INTO predmet_modul (predmet_id, modul_id, semestar, grupa, izborni, pozicija, godina) VALUES (58,1,5,'', true, 5, 4);
INSERT INTO predmet_modul (predmet_id, modul_id, semestar, grupa, izborni, pozicija, godina) VALUES (59,1,5,'', false, 6, 4);
INSERT INTO predmet_modul (predmet_id, modul_id, semestar, grupa, izborni, pozicija, godina) VALUES (60,1,5,'', true, 7, 4);
INSERT INTO predmet_modul (predmet_id, modul_id, semestar, grupa, izborni, pozicija, godina) VALUES (61,1,5,'', true, 7, 4);
INSERT INTO predmet_modul (predmet_id, modul_id, semestar, grupa, izborni, pozicija, godina) VALUES (62,1,5,'', true, 7, 4);
INSERT INTO predmet_modul (predmet_id, modul_id, semestar, grupa, izborni, pozicija, godina) VALUES (63,1,5,'', true, 7, 4);
INSERT INTO predmet_modul (predmet_id, modul_id, semestar, grupa, izborni, pozicija, godina) VALUES (64,1,5,'', true, 7, 4);
INSERT INTO predmet_modul (predmet_id, modul_id, semestar, grupa, izborni, pozicija, godina) VALUES (65,1,5,'', true, 7, 4);
INSERT INTO predmet_modul (predmet_id, modul_id, semestar, grupa, izborni, pozicija, godina) VALUES (66,1,5,'', true, 7, 4);
INSERT INTO predmet_modul (predmet_id, modul_id, semestar, grupa, izborni, pozicija, godina) VALUES (67,1,5,'', false, 8, 4);
INSERT INTO predmet_modul (predmet_id, modul_id, semestar, grupa, izborni, pozicija, godina) VALUES (68,1,5,'', true, 9, 4);
INSERT INTO predmet_modul (predmet_id, modul_id, semestar, grupa, izborni, pozicija, godina) VALUES (69,1,5,'', true, 9, 4);
INSERT INTO predmet_modul (predmet_id, modul_id, semestar, grupa, izborni, pozicija, godina) VALUES (70,1,5,'', true, 9, 4);
INSERT INTO predmet_modul (predmet_id, modul_id, semestar, grupa, izborni, pozicija, godina) VALUES (71,1,5,'', true, 9, 4);
INSERT INTO predmet_modul (predmet_id, modul_id, semestar, grupa, izborni, pozicija, godina) VALUES (72,1,5,'', false, 10, 4);
INSERT INTO predmet_modul (predmet_id, modul_id, semestar, grupa, izborni, pozicija, godina) VALUES (73,1,5,'', false, 11, 4);
INSERT INTO predmet_modul (predmet_id, modul_id, semestar, grupa, izborni, pozicija, godina) VALUES (74,1,5,'', false, 12, 4);
